"","Shooting","Defense","Playmaking","ShotCreating"
"Justin Anderson",-0.068202784,0.109253155,0.289855072,0.063694268
"Kevin Huerter",0.112308114,-2.205580574,0.801398749,0.146737077
"Omari Spellman",0.01837526,-0.537221057,0.584268874,0.004098361
"Isaac Humphries",-2.191326425,-3.965601255,0,0
"Jaylen Adams",0.020569162,-3.734729095,0.36007326,0.127272727
"Trae Young",0.009987702,-4.517485888,1.121958995,0.360570375
"Taurean Prince",0.173239146,-1.926881787,0.66487886,0.165024498
"Dewayne Dedmon",0.092325052,1.146982037,0.499110904,0.019011407
"Vince Carter",0.124204157,-0.250474789,0.515887041,0.064102564
"Miles Plumlee",-2,-3.017125308,0.139215686,0.0625
"John Collins",0.004920608,-0.516129074,0.499046358,0.033217877
"Alex Poythress",-1.970611414,-1.951923803,0.405731523,0.024691358
"Kent Bazemore",-0.009053609,0.599508225,0.692376107,0.151372207
"Alex Len",0.02514849,0.58817557,0.524532155,0.016975309
"DeAndre' Bembry",-0.11814299,1.067530148,0.835258485,0.185242865
"Jayson Tatum",0.086962203,0.583981114,0.619049573,0.229536589
"Jaylen Brown",0.016025457,0.231335142,0.565271645,0.134735872
"Brad Wanamaker",0.136223217,0.377185441,0.134711779,0.219047619
"Kyrie Irving",0.201635938,0.608599271,0.718637532,0.394561881
"Terry Rozier",0.06296156,0.253893266,0.615262779,0.231516836
"Marcus Morris Sr.",0.11298223,-1.957837928,0.511152115,0.142596938
"Gordon Hayward",-0.012428824,0.029085809,0.713898325,0.132417063
"Daniel Theis",0.065789989,0.181687606,0.516128381,0
"RJ Hunter",-1.912908369,4.948811466,0,0.153846154
"Guerschon Yabusele",-2.073787156,2.503432369,0.466666667,0.064935065
"Marcus Smart",0.06233413,2.26768339,0.660249179,0.138719923
"Semi Ojeleye",-0.068536651,0.925540945,0.438312742,0.03164557
"Al Horford",0.035399693,2.193769533,0.73126895,0.091694943
"Robert Williams III",-2,1.914204638,0.280952381,0
"Aron Baynes",-0.021323844,3.516294504,0.41286791,0.004484305
"PJ Dozier",-2.205545305,0.017308646,0,0.047619048
"Rodions Kurucs",-0.041188315,-0.566334731,0.606693032,0.183966755
"D'Angelo Russell",0.137265689,-0.908027662,0.99488511,0.364955086
"Jared Dudley",0.027790687,2.605369031,0.532745703,0.012552301
"Spencer Dinwiddie",0.051047285,-0.762442134,0.888273958,0.52178737
"DeMarre Carroll",0.039531889,-0.546824277,0.527858779,0.085549139
"Theo Pinson",-2.179452569,2.234528933,0.111111111,0.136986301
"Joe Harris",0.309710283,-0.68135903,0.638224141,0.061497326
"Shabazz Napier",0.02607181,0.681737837,0.846921729,0.346684291
"Alan Williams",-2.729440147,12.08622974,0.333333333,0
"Ed Davis",-2.699038768,1.469129107,0.462379883,0
"Treveon Graham",-0.037979663,1.760981312,0.552305924,0.036649214
"Caris LeVert",0.005151329,1.497373344,0.840163709,0.420918572
"Rondae Hollis-Jefferson",-2.377846077,2.784681392,0.674784724,0.112446393
"Dzanan Musa",-2.500349335,2.280306533,0.5,0.045454545
"Jarrett Allen",-2.483767451,-3.071319091,0.537096626,0
"Allen Crabbe",0.192461252,0.562959069,0.525172103,0.008042896
"Miles Bridges",-0.030132693,-0.719879699,0.429400616,0.061061351
"Malik Monk",0.020207483,-3.723304357,0.701078338,0.181855618
"Marvin Williams",0.083610537,-0.813566863,0.470436603,0.026073619
"Jeremy Lamb",0.046933855,1.14690751,0.630962176,0.268361979
"Devonte' Graham",-0.084624727,-1.116983356,0.747308943,0.225946943
"Nicolas Batum",0.122985292,-0.227779817,0.585069062,0.161726387
"Shelvin Mack",0.032347054,-2.007175374,0.566615303,0.196029777
"Dwayne Bacon",0.197226355,-2.816097783,0.672128433,0.316476346
"Bismack Biyombo",-2,-1.387715775,0.212390995,0
"Tony Parker",-2.192995259,-3.059091862,0.895281403,0.455156301
"Michael Kidd-Gilchrist",-2.031927864,2.02480103,0.680126353,0.099397591
"Kemba Walker",0.127150969,0.761125568,0.704942929,0.394015986
"Joe Chealey",-2,-10.16108604,0,0
"Cody Zeller",-2.18210699,0.551003528,0.517853273,0.04057971
"Willy Her0gomez",-1.964399325,-4.00704364,0.530953943,0.023648649
"Frank Kaminsky",0.053952625,0.38933867,0.513412269,0.040268456
"J.P. Macura",-2.727278183,9.669288161,0,0
"Shaquille Harrison",-0.163898417,1.779813919,0.539983604,0.269250011
"Cristiano Felicio",-2.698443064,-3.8861379,0.296451796,0.033707865
"Timothe Luwawu-Cabarrot",-0.05653526,-2.758354835,0.380312172,0.055299539
"Zach LaVine",0.13587123,-2.316635264,0.626448357,0.367373094
"Antonio Blakeney",0.097962916,-4.042692391,0.46512101,0.358124614
"Wayne Selden",-0.054494495,-3.244763307,0.54572907,0.133056133
"Chandler Hutchison",-0.143949472,1.038031429,0.376107474,0.129186603
"Rawle Alkins",-2.215513064,-2.161881071,0.387820513,0.128205128
"Otto Porter Jr.",0.184434392,1.288121357,0.616463996,0.102073365
"Lauri Markkanen",0.141355163,-0.777950749,0.396084039,0.120803892
"Walt Lemon Jr.",-1.929440147,-0.93193753,0.3,0.305882353
"Kris Dunn",0.022004903,-0.671562286,0.782335033,0.331381215
"Wendell Carter Jr.",-2.367446797,1.421382854,0.638479627,0.008219178
"Robin Lopez",-2.277548281,-0.174085893,0.415954264,0.070075758
"Brandon Sampson",-1.960420546,-4.631991158,0.372222222,0.083333334
"Ryan Arcidiacono",0.057047643,-0.40309072,0.608090954,0.203883495
"Kevin Love",-1.988099834,1.521788277,0.601210997,0.049469964
"Nik Stauskas",0.074905301,-3.201755217,0.630279428,0.09495549
"Collin Sexton",0.135571786,-5.508370226,0.525234207,0.31777498
"Marquese Chriss",-0.245052784,-4.038366115,0.364478114,0.016949153
"Jaron Blossomgame",-0.174188324,0.203182846,0.407925408,0.009345794
"JR Smith",-2.07793995,-0.648625625,0.233766234,0.075949367
"Jordan Clarkson",0.023479563,-2.077627873,0.667437541,0.330713715
"Channing Frye",0.16136901,-7.891168839,0.287179487,0
"David Nwaba",-0.058895068,1.202009963,0.576644474,0.182633665
"Tristan Thompson",-2,0.957837959,0.390953109,0.099708779
"Cedi Osman",0.042533728,-2.840112993,0.52546697,0.145607702
"Matthew Dellavedova",0.034937843,-0.685849002,0.950988193,0.173553719
"Brandon Knight",0.010640957,-1.155871395,0.665785958,0.298275148
"Larry 0ce Jr.",-0.030479757,2.230547709,0.669431024,0.04059829
"John Henson",-2.015088583,3.414033857,0.583333333,0
"Deng Adel",-2.19751426,0.558883109,-0.155555556,0.055555556
"Ante Zizic",-2,-0.690914256,0.436421509,0.012383901
"Courtney Lee",-0.088608151,1.611066582,0.283783784,0.139534884
"Daryl Macon",-1.796242895,-4.029607666,0.301587302,0.259259259
"J.J. Barea",-0.016836283,-0.675701744,1.050754447,0.360380329
"Dwight Powell",-0.08612918,-0.370409315,0.485587304,0.006185567
"Dorian Finney-Smith",-0.066194091,1.678175374,0.559967186,0.043560606
"Tim Hardaway Jr.",0.098421225,-0.696628285,0.611891275,0.146341463
"Jalen Brunson",0.01248574,-0.616702887,0.713360769,0.326674317
"Trey Burke",0.054552731,-0.140762796,0.755310426,0.304744526
"Devin Harris",-0.041080367,-1.441416908,0.682078571,0.09221902
"Kostas Antetokounmpo",-2,24.44322508,0,0
"Dirk Nowitzki",0.001769065,-3.963246301,0.345905821,0.007978724
"Maxi Kleber",0.01436207,2.863225479,0.533694907,0.010362694
"Justin Jackson",0.021314108,-0.977391117,0.408691353,0.047520661
"Ryan Broekhoff",0.149624359,-0.287944445,0.301136364,0.039370079
"Salah Mejri",-2.078681454,-0.638443916,0.022222222,0.008928572
"Luka Doncic",0.057553107,-0.86982288,0.917165271,0.384115913
"Isaiah Thomas",-2.117694701,-0.898724573,0.202093398,0.154639175
"Torrey Craig",-0.03460831,0.086586894,0.554445465,0.044198895
"Paul Millsap",0.033632976,2.755770944,0.543215509,0.165258194
"Will Barton",0.086716928,-2.2051097,0.550263884,0.188762406
"Brandon Goodwin",-2.035220518,-3.161420559,0.23015873,0.130434783
"Trey Lyles",-0.158099525,-0.602681945,0.50699145,0.088053846
"Jarred Vanderbilt",-2.720792291,9.678067838,0.25,0
"Monte Morris",0.135167075,0.862862804,0.736316771,0.240434134
"Gary Harris",0.030522521,0.523651895,0.626862091,0.155501219
"Nikola Jokic",-0.047444534,2.664693182,0.74882697,0.141694337
"Tyler Lydon",-1.925981005,-4.542646346,0.416666667,0
"Mason Plumlee",-2.226020888,-0.492825873,0.628053762,0.081291591
"Malik Beasley",0.156905276,-1.162639613,0.468326831,0.054200542
"Jamal Murray",0.093750139,-0.354139813,0.583043129,0.24082705
"Juancho Her0gomez",0.045890679,0.848656579,0.388604708,0.009584664
"Thomas Welsh",-1.866393083,3.601408416,-0.066666667,0
"Andre Drummond",-2.430449437,2.822136104,0.479728906,0.081846374
"Reggie Jackson",0.097642839,-2.405670708,0.729654171,0.308983653
"Luke Kennard",0.145292375,-2.139019085,0.695486192,0.107692308
"Bruce Brown",-0.189467527,2.413942687,0.609326365,0.088888889
"Thon Maker",-0.051492914,0.433290743,0.443049488,0.007462687
"Langston Galloway",0.051587266,-0.824321361,0.494895816,0.032367973
"Khyri Thomas",-0.110966104,0.833979368,0.416666667,0.072463768
"Ish Smith",-0.011740337,-1.064679005,0.83028944,0.361231553
"Svi Mykhailiuk",-0.006247646,-0.867471286,0.180609181,0.028776978
"Wayne Ellington",0.177487244,-0.414817782,0.580765556,0.037199125
"Glenn Robinson III",-0.120758131,0.622275773,0.463200137,0.017142857
"Blake Griffin",0.11006342,0.365133246,0.799733612,0.34105704
"Kalin Lucas",-2.638236011,7.201324543,0,0
"Zaza Pachulia",-2.3618421,-0.270853009,0.517047934,0.031088083
"Jon Leuer",-2.555564405,-1.632717212,0.065217391,0.00877193
"Jose Calderon",-0.197459169,-2.148448471,0.821935142,0.2
"DeMarcus Cousins",-0.064590707,4.718601046,0.737651376,0.082644628
"Damion Lee",0.151909924,-1.032479745,0.468531469,0.062992125
"Jordan Bell",-2.699038768,-0.115807903,0.520089472,0.052910053
"Quinn Cook",0.126421263,-4.087641905,0.468074936,0.249773297
"Kevon Looney",-2.510480414,2.753754069,0.417995791,0.037790698
"Andre Iguodala",-0.026120388,1.304237336,0.677965123,0.039735099
"Jacob Evans",-2.191045422,-2.351205233,-0.040843215,0.153846154
"Klay Thompson",0.211461657,-0.92770635,0.545981869,0.10905831
"Andrew Bogut",-2,1.171073014,0.318181818,0.066666666
"Damian Jones",-2,0.086466551,-0.044642857,0
"Jonas Jerebko",0.0316833,-1.560970384,0.39035927,0.016997167
"Draymond Green",-0.128830247,3.794677076,0.76504802,0.063414634
"Alfonzo McKinnie",0.009733049,-2.236442061,0.424903455,0.014545455
"Stephen Curry",0.344103549,0.277037952,0.651628045,0.240415127
"Marcus Derrickson",-1.71651856,0.882154527,0.444444444,0.090909091
"Shaun Livingston",-2.380082927,-1.014206717,0.599543843,0.180952381
"Kevin Durant",0.086975327,-0.156450057,0.810699766,0.36116722
"Trevon Duval",-0.762121735,-4.828940882,0,0
"Iman Shumpert",0.052774703,0.936756298,0.532518152,0.065022422
"Chris Chiozza",-1.924271955,-8.134557989,0.083333333,0
"Chris Paul",0.113271614,1.401150982,1.14147849,0.572524391
"Danuel House Jr.",0.225127298,-0.669027287,0.617811997,0.051587302
"Gary Clark",-0.078351152,-2.132590335,0.535532627,0.006622517
"Eric Gordon",0.133728904,-2.119071608,0.720872151,0.182252556
"Vincent Edwards",-2.220817943,-2.2832939,0,0
"James Harden",0.231290512,1.149233882,1.047155482,0.886668633
"Gerald Green",0.087764116,-2.152782816,0.527528802,0.064428452
"Clint Capela",-2,1.9299462,0.463668151,0.010943912
"P.J. Tucker",0.073372874,2.007087921,0.58900455,0.007648184
"Austin Rivers",-0.019710563,-0.92384037,0.632838534,0.291901857
"Kenneth Faried",-2.080096521,0.007846967,0.513056316,0.018867925
"Nene",-2.729440147,2.973202954,0.578537405,0.025862069
"Isaiah Hartenstein",-2.073667343,0.859142719,0.548717949,0
"Darren Collison",0.128061385,0.113142955,0.743048091,0.314138451
"Aaron Holiday",0.013995618,2.205735757,0.567655377,0.183206107
"Victor Oladipo",0.157297129,2.471570875,0.593909075,0.320205304
"Edmond Sumner",-2.217543622,-0.699288749,0.033333333,0.0625
"Cory Joseph",-0.050148953,2.314084176,0.62528391,0.286816902
"Kyle O'Quinn",-2.561332171,-2.54795158,0.31468254,0.014814815
"Domantas Sabonis",-1.676383957,0.53042767,0.54811415,0.076923077
"Doug McDermott",0.13530374,-2.306184714,0.401949636,0.011820331
"Thaddeus Young",-0.011889782,1.887133042,0.538109327,0.072532699
"TJ Leaf",-2.216133278,2.478827511,0.397386426,0.021857924
"Wesley Matthews",0.117958012,-0.266367486,0.608179594,0.082975679
"Alize Johnson",-1.704451497,-2.923544425,0,0.066666667
"Davon Reed",-1.719107786,-1.028294012,0,0
"Myles Turner",0.087371795,2.028040362,0.40743318,0.021794872
"Bojan Bogdanovic",0.19059996,-0.640111537,0.554449918,0.166761215
"Sindarius Thornwell",-2.330915073,1.481276575,0.261111111,0.040816327
"Shai Gilgeous-Alexander",0.028703136,-0.064278744,0.695453259,0.339335094
"JaMychal Green",0.134308119,-1.805300383,0.341760972,0.027310924
"Montrezl Harrell",-2.298806592,0.77559398,0.403753568,0.090933262
"Danilo Gallinari",0.238119537,0.06919504,0.478884914,0.237290592
"Tyrone Wallace",-2.307742131,0.579695685,0.489196244,0.175115207
"Jerome Robinson",-0.022851912,-1.970082243,0.174089069,0.090909091
"Johnathan Motley",-2.74033401,-2.154492902,0.107954545,0.109589041
"Garrett Temple",0.005591879,0.799188925,0.352612076,0.081300813
"Rodney McGruder",0.044672527,0.184018632,0.598142268,0.099352052
"Landry Shamet",0.190976494,-0.522171789,0.515862557,0.041516246
"Patrick Beverley",0.122594866,1.370290029,0.645851412,0.156416329
"Wilson Chandler",0.100614341,-0.604789925,0.507998312,0.078066915
"Lou Williams",0.07492291,-3.945944147,0.860328617,0.350784
"Angel Delgado",-2,10.36188648,0,0
"Ivica Zubac",-2,1.813768007,0.271072195,0.007915567
"Kyle Kuzma",-0.024668367,-0.709187771,0.699882494,0.133608618
"Kentavious Caldwell-Pope",0.047916532,-0.297614038,0.557706859,0.073767919
"Lonzo Ball",0.054233477,0.787086292,0.827996111,0.168327596
"Josh Hart",0.018842294,3.024394674,0.601931595,0.043103449
"Alex Caruso",-1.756420166,3.495626827,0.643372274,0.18128655
"Tyson Chandler",-2.638236011,1.831790115,0.400553007,0
"Lance Stephenson",0.070740989,-2.10793094,0.72964325,0.300837884
"JaVale McGee",-2.554724656,0.549611224,0.473356757,0.025677679
"Rajon Rondo",0.066651138,-1.39249562,1.071969997,0.355044197
"Jemerrio Jones",-2.323524951,5.360416217,0.379487179,0.03125
"Brandon Ingram",-0.032054403,-0.681162932,0.644774522,0.387262814
"Moritz Wagner",-0.102703368,-0.230223971,0.211538462,0.088757396
"Isaac Bonga",-2.732444364,5.828065473,0.244444444,0.03125
"Johnathan Williams",-2.716519667,-1.358993396,0.485576923,0.009345794
"LeBron James",0.082738994,0.164745304,1.091268651,0.424875728
"Mike Muscala",0.03723831,0.122986475,0.564656693,0.002816901
"Reggie Bullock",0.133370678,-1.15629016,0.449656422,0.038720539
"Avery Bradley",0.048846939,0.684727527,0.537266059,0.120065789
"Kyle Anderson",-2.189532359,2.221698331,0.611549907,0.134057971
"Delon Wright",-0.088211306,2.004638512,0.691763738,0.206834532
"Jevon Carter",0.019548473,0.423373423,0.638675788,0.203642753
"Julian Washburn",-2.310735533,1.463291726,0.333333333,0.020833333
"Bruno Caboclo",0.135796802,-0.378618317,0.460717793,0.031111111
"CJ Miles",0.036597761,-0.34093107,0.454823812,0.048543689
"Justin Holiday",0.054229874,1.166454417,0.515771749,0.044444445
"Ivan Rabb",-2.33367721,-4.297509109,0.574243815,0.047169811
"Mike Conley",0.115160214,1.701336626,0.754901564,0.343366723
"Yuta Watanabe",-2.481363382,-1.160194338,0.611111111,0.019607843
"Jaren Jackson Jr.",0.03426657,1.801412033,0.476016479,0.179231147
"Jonas Valanciunas",-2.142627181,0.984466293,0.39743273,0.037243948
"Tyler Dorsey",0.007387241,-3.211257901,0.825574961,0.117424242
"Dillon Brooks",-1.951694243,-1.619926799,0.411184211,0.065573771
"Chandler Parsons",-2.097777851,-1.993127317,0.269864341,0.066298342
"Tyler Zeller",-2.762121735,4.760427295,0.333333333,0
"Joakim Noah",-2.338753483,1.550838152,0.494921943,0.100576164
"Josh Richardson",0.098815447,0.86957815,0.649423893,0.160773731
"Yante Maten",-2.688110703,14.85828811,0,0
"Dwyane Wade",0.023733479,-2.11506938,0.811165548,0.303972993
"Derrick Jones Jr.",-0.093103818,2.158835988,0.520518109,0.027692308
"Goran Dragic",0.127365191,-1.122524222,0.779800629,0.254629402
"Kelly Olynyk",0.035227395,0.699614299,0.647370561,0.031914894
"Dion Waiters",0.218941105,-0.936215215,0.70364654,0.269222153
"Bam Adebayo",-2.291625329,2.676011508,0.673481573,0.041152264
"James Johnson",0.006263378,-0.719884689,0.7974633,0.236172057
"Justise Winslow",0.084485024,0.293169099,0.663664875,0.193460028
"Hassan Whiteside",-2.495780941,3.754815658,0.395784667,0.027941176
"Ryan Anderson",-2.261330935,-1.812325253,0.342105263,0.057971015
"Udonis Haslem",-2.727998838,5.556589802,0.555555556,0.03030303
"Duncan Robinson",-2.136164863,-2.301671933,0.1,0
"George Hill",-0.046256564,1.083541361,0.594434136,0.20212766
"D.J. Wilson",0.04660844,0.931411607,0.476117208,0.012048193
"Eric Bledsoe",0.005569471,2.384481652,0.954599469,0.324755507
"Donte DiVincenzo",-0.074216037,3.297772532,0.362195812,0.064516129
"Brook Lopez",0.091972538,1.638571466,0.483924928,0.074285704
"Tim Frazier",0.044912039,-2.315742369,0.892296119,0.176245211
"Malcolm Brogdon",0.184529826,1.137777918,0.752804489,0.288746498
"Pau Gasol",-1.804367565,-0.629995788,0.030448718,0.031914894
"Tony Snell",0.1140604,-1.310432046,0.538578127,0.058171745
"Khris Middleton",0.133828401,0.400046619,0.774420054,0.377813927
"Sterling Brown",0.060042488,-1.070115217,0.648885269,0.099358974
"Pat Connaughton",0.005220618,0.53001171,0.615815212,0.042979943
"Giannis Antetokounmpo",-0.166063619,2.925072159,0.998319004,0.362196889
"Nikola Mirotic",0.177555736,0.702490193,0.442280953,0.025830258
"Bonzie Colson",-2.228425734,-5.121150178,0.555555556,0.025641026
"Ersan Ilyasova",0.050104751,3.18828477,0.554956858,0.002617801
"Jeff Teague",8.93e-05,-1.045191223,0.934088784,0.428034279
"Tyus Jones",-0.054561206,0.109368068,0.788247862,0.297010183
"Jared Terrell",-2.232926182,-3.417257965,0.433333333,0.184210526
"Gorgui Dieng",-2.04408151,0.682027159,0.493323435,0.038158905
"Jerryd Bayless",-0.018684633,-6.130163101,0.772252183,0.206061581
"Luol Deng",-2.090422713,0.881437377,0.277777778,0.084745763
"C.J. Williams",-2.097880043,-1.728476058,0.25,0.171428572
"Cameron Reynolds",-1.880678991,-1.963860629,0.369230769,0.038461538
"Josh Okogie",-0.135917214,1.655707594,0.523636094,0.070866142
"Andrew Wiggins",0.03683405,-0.85350066,0.55268854,0.207566014
"Derrick Rose",0.103761728,-1.233260732,0.728730386,0.430958715
"Keita Bates-Diop",-0.154445015,-0.428779093,0.302536904,0.070422535
"Karl-Anthony Towns",0.136226027,0.039750782,0.680004598,0.12415804
"Robert Covington",0.240168985,3.344973606,0.490947981,0.044198895
"Dario Saric",0.066688113,-0.971618063,0.446962744,0.033045977
"Anthony Tolliver",0.094601142,-0.477870059,0.257385739,0
"Mitchell Creek",-2.745780941,-3.979786178,0,0.125
"Taj Gibson",-2.06096662,-1.546470137,0.388211524,0.059479554
"Ian Clark",-0.015913159,-3.038161149,0.513801842,0.120104438
"Stanley Johnson",-0.09342839,2.190022379,0.563809299,0.138636364
"Elfrid Payton",-0.031269028,-1.128003798,0.866166826,0.254419873
"Jahlil Okafor",-2.294667542,-0.976278683,0.416492849,0.23219795
"Dairis Bertans",-2.128200828,-5.219271608,0.3,0.021276596
"Jrue Holiday",0.016175035,1.472658993,0.879461839,0.365529958
"Cheick Diallo",-2.147229817,-0.468058049,0.477922289,0.014814815
"Frank Jackson",-0.056343268,-2.759810357,0.378961967,0.120535714
"Darius Miller",0.114197521,-0.493935462,0.604003139,0.049586777
"Anthony Davis",-0.011477676,3.275084908,0.616892659,0.131718141
"Julius Randle",0.001525808,-2.019237211,0.643465529,0.272962099
"Kenrich Williams",0.028794421,0.717969568,0.481725417,0.061371841
"Christian Wood",-2.033879811,-1.863515307,0.345588235,0.042735043
"Solomon Hill",-0.041398159,-0.385921876,0.427419768,0.028089888
"E'Twaun Moore",0.212820885,-2.214975388,0.467235994,0.122573491
"Kadeem Allen",-1.760440973,-1.023795247,0.367408907,0.271428571
"Emmanuel Mudiay",0.020845586,-1.999553974,0.82557425,0.307220066
"Luke Kornet",0.092853873,3.6311398,0.299980931,0.007352941
"Billy Garrett",-2.698698366,-5.714371297,0.357142857,0.28
"Isaiah Hicks",-2,1.549717278,0.333333333,0
"Dennis Smith Jr.",0.017073922,1.171558246,0.814488409,0.318513763
"DeAndre Jordan",-2,0.697538738,0.451515247,0.006741573
"Mario Hezonja",-0.107800826,-0.061274746,0.612595731,0.190102126
"Frank Ntilikina",-0.085085015,-0.355674683,0.672213467,0.207219273
"Henry Ellenson",-1.821461667,-3.237114485,0.418981481,0.063157895
"Allonzo Trier",0.108776673,-1.451901546,0.666781043,0.361883515
"Kevin Knox II",0.045612579,-4.319854979,0.524104995,0.133561387
"Damyean Dotson",0.101955642,-1.214911025,0.579109772,0.14385489
"Mitchell Robinson",-2,0.884326008,0.058475145,0.006993007
"John Jenkins",0.124921235,-3.022955685,0.271043771,0.066666667
"Noah Vonleh",-0.02161599,0.888348777,0.467781698,0.200505062
"Lance Thomas",-0.138677242,-1.011994244,0.469032305,0.020304568
"Russell Westbrook",-0.044938366,-1.110208199,1.197751534,0.406349109
"Raymond Felton",-0.00641668,2.230969762,0.38003663,0.222222222
"Nerlens Noel",-2,3.132992205,0.549478012,0.003649635
"Markieff Morris",0.00616762,-0.941182546,0.583439947,0.035343035
"Hamidou Diallo",-2.41300911,-1.622405448,0.637283997,0.097560976
"Jawun Evans",-2.701887184,0.760087915,0.088888889,0.071428572
"Jerami Grant",0.100598214,1.178368894,0.484617489,0.053025673
"Abdel Nader",-0.059720878,-2.311731911,0.409015474,0.112676056
"Steven Adams",-2.380082927,1.875017591,0.476470324,0.051572327
"Paul George",0.205637629,4.206322803,0.786469656,0.309504073
"Donte Grantham",-2.708775425,-15.07692314,0,0
"Dennis Schroder",0.026325228,-0.586918595,0.830536125,0.357990674
"Terrance Ferguson",0.059675934,-1.579597721,0.57847981,0.018912529
"Deonte Burton",-2.137279732,4.078677907,0.481481481,0.073170732
"Patrick Patterson",-0.023873758,-1.388800043,0.381048888,0.013824885
"Aaron Gordon",0.0394124,0.322631076,0.638402693,0.161885636
"Jonathan Isaac",-0.032168273,1.473671158,0.266029939,0.067433207
"Jarell Martin",0.003671467,-1.149719652,0.272727273,0.048076923
"Troy Caupain",-1.382330332,4.940585707,0,0
"Mo Bamba",-0.100090326,-0.9367748,0.055039509,0
"Michael Carter-Williams",-0.163459946,1.968074784,0.314285714,0.219512195
"Nikola Vucevic",0.041838987,3.395626636,0.712775553,0.070531205
"Evan Fournier",0.04578168,-0.586519922,0.63243967,0.184344782
"Amile Jefferson",-2,-2.461722787,0,0
"D.J. Augustin",0.176821292,-2.376711108,0.739175479,0.339084489
"Markelle Fultz",-2.114314535,-0.205591388,0.289943503,0.232258065
"Jerian Grant",0.048035123,-1.0168385,0.608331672,0.247828933
"Khem Birch",-2.729440147,3.79999575,0.303816177,0.02
"Wes Iwundu",0.015476573,0.578032267,0.454745399,0.091240876
"Terrence Ross",0.170427782,-0.329349363,0.50203249,0.103614427
"Melvin Frazier Jr.",-2.701603081,2.459693552,0.666666667,0.047619048
"Mike Scott",0.126490877,-2.182690039,0.484633635,0.026190476
"Amir Johnson",-2.11478767,-0.620777819,0.373284661,0.025477707
"Haywood Highsmith",-2.299474289,-8.292507734,0.333333333,0
"Zhaire Smith",-1.966411744,-0.58117895,0.2,0.117647059
"James Ennis III",0.015478618,-1.944100919,0.493949994,0.030612245
"T.J. McConnell",-2.078977222,-0.685020766,0.757915401,0.301204819
"Jonathon Simmons",-0.138718495,-0.6192186,0.662032999,0.156342183
"JJ Redick",0.203880355,-0.632733121,0.647760664,0.037475345
"Shake Milton",-2.086922041,-1.311378115,0.277777778,0.034482759
"Joel Embiid",-0.051768178,4.84082089,0.474476299,0.136840735
"Jimmy Butler",0.046490058,1.970907089,0.717584036,0.272463365
"Ben Simmons",-2.685262287,-0.877988062,0.969599366,0.279019178
"Furkan Korkmaz",0.004615553,1.106053259,0.521217976,0.044897959
"Tobias Harris",0.144449563,-0.619941266,0.555321265,0.259627677
"Jonah Bolden",0.032410398,-0.310637221,0.414599494,0
"Boban Marjanovic",-1.938379838,1.605192626,0.396084573,0.019230769
"Greg Monroe",-2.321174258,0.148267717,0.322916667,0.052910053
"Devin Booker",0.062178543,-2.997282622,0.91232083,0.379362242
"Elie Okobo",-0.07547764,-1.451246091,0.649052181,0.209450878
"Kelly Oubre Jr.",-0.005581397,0.455728374,0.35331439,0.133174792
"George King",-2,-16.72028005,0,0
"Jamal Crawford",0.028130792,-5.81085017,0.808595894,0.365446271
"T.J. Warren",0.236139954,-1.211225502,0.56615647,0.189457424
"De'Anthony Melton",-0.070319755,0.368603444,0.671463864,0.140625
"Tyler Johnson",0.055413122,0.041461395,0.601233549,0.102661597
"Josh Jackson",-0.03277789,0.553359988,0.616850668,0.176421721
"Richaun Holmes",-2,0.168929539,0.474966931,0.016438356
"Deandre Ayton",-2.694144788,-1.675566944,0.481570335,0.033999246
"Mikal Bridges",0.005651416,1.126706032,0.515295796,0.055062167
"Ray Spalding",-2.726557528,-1.816671582,0.216666667,0.021276596
"Troy Daniels",0.12517816,-1.526318799,0.501482975,0.065454546
"Jimmer Fredette",-2.701324822,-6.897378568,0.541666667,0.137931034
"Dragan Bender",-0.246039213,-1.847934981,0.489397779,0.025380711
"Enes Kanter",-2.134369983,-0.707603204,0.455060783,0.068047338
"Damian Lillard",0.143988915,-0.762903153,0.859987724,0.401278912
"Evan Turner",-2.309399448,0.29458445,0.796223824,0.343514506
"CJ McCollum",0.14021781,-0.148200886,0.731058477,0.342167426
"Maurice Harkless",-0.141891625,1.304296564,0.38591633,0.074935401
"Rodney Hood",0.044606402,-0.532681375,0.58257244,0.283308815
"Al-Farouq Aminu",0.007490984,0.636137897,0.48931247,0.10821698
"Gary Trent Jr.",-2.235450994,-3.198877037,0.1,0.1
"Jake Layman",-0.022021249,-0.447895407,0.526391363,0.049528302
"Meyers Leonard",0.210392271,-4.257369806,0.490380756,0.008298755
"Skal Labissiere",-1.786622877,-4.002884443,0.333333333,0.020408164
"Anfernee Simons",-2.028317893,-5.904937781,0.177156177,0.206349206
"Jusuf Nurkic",-2.519096885,5.178597165,0.587972213,0.050847458
"Seth Curry",0.243011835,0.558132132,0.504145702,0.179324759
"Zach Collins",-0.041070309,-0.574027183,0.494185162,0.022727273
"Willie Cauley-Stein",-1.229440147,1.506762826,0.493662084,0.069624331
"Yogi Ferrell",0.053547856,-0.055286934,0.587703121,0.303909425
"De'Aaron Fox",0.063297346,-0.111283064,0.900392901,0.413515578
"Bogdan Bogdanovic",0.098183393,-0.184039197,0.667179234,0.239714907
"BJ Johnson",-1.799496894,-4.875655226,0,0.166666667
"Frank Mason",-0.216813679,-3.616831661,0.202380952,0.260355029
"Alec Burks",0.057145839,-1.59972592,0.573950511,0.160337553
"Troy Williams",-2.056226083,-2.981952804,0.01010101,0.051020408
"Harry Giles III",-2.712111404,-0.605261534,0.582805741,0.111894074
"Buddy Hield",0.239525135,-0.811709018,0.553874681,0.174320679
"Corey Brewer",-0.035073406,2.851776069,0.191632928,0.056910569
"Marvin Bagley III",-0.068927004,-1.807855582,0.451294732,0.144196488
"Harrison Barnes",0.140702065,-0.395421689,0.517905841,0.213696289
"Kosta Koufos",-2,-0.016915344,0.451451433,0.013071895
"Caleb Swanigan",-2.462401054,0.326278066,0.245791246,0.037735849
"Nemanja Bjelica",0.11979175,0.965789827,0.516384364,0.07153015
"Lonnie Walker IV",-1.937289842,0.725268972,0.194444444,0.173913043
"Quincy Pondexter",-2.064863057,0.483638023,0.070512821,0.103448276
"Derrick White",-0.013695796,2.990218314,0.516151416,0.28119744
"Chimezie Metu",-2.729440147,0.249033507,0.158974359,0.017241379
"Patty Mills",0.135176137,-0.92804627,0.469132422,0.146304676
"DeMar DeRozan",-2.397849987,-1.084380094,0.697093271,0.502611072
"Bryn Forbes",0.211925789,-2.209899903,0.311578457,0.146292637
"LaMarcus Aldridge",-2.237440619,1.414263641,0.351189118,0.132821888
"Drew Eubanks",-2,-0.83507942,-0.255952381,0.076923077
"Marco Belinelli",0.112230553,-2.212868079,0.447115292,0.056521739
"Rudy Gay",0.124205611,1.195299685,0.376080102,0.33631877
"Jakob Poeltl",-2,0.801859174,0.298965773,0.003448276
"Donatas Motiejunas",-2,-3.09908189,-0.333333333,0
"Dante Cunningham",0.21499634,-2.011308859,0.197227397,0.018987342
"Davis Bertans",0.216442264,1.115183713,0.378623612,0.017660044
"Patrick McCaw",-2.067623109,-2.099465634,0.382014875,0.126984127
"Kawhi Leonard",0.122360585,0.899991488,0.748433759,0.436703364
"OG Anunoby",-0.023164918,-0.297940427,0.425910596,0.137737231
"Kyle Lowry",0.101185277,1.935975743,0.774275713,0.243700365
"Jordan Loyd",-1.713941606,-5.414119096,0.166666667,0.333333333
"Serge Ibaka",-0.108811005,1.234273645,0.579536272,0.015981735
"Malcolm Miller",-1.780823215,-3.306551389,0.333333333,0
"Danny Green",0.264378825,1.433607989,0.491008861,0.055555556
"Eric Moreland",-0.729440147,-8.529299777,0.15,0
"Jeremy Lin",-0.084291913,0.967305999,0.726622337,0.282809612
"Jodie Meeks",-1.834417387,-3.106025043,0.333333333,0.025641026
"Fred VanVleet",0.111839446,-0.601172387,0.665741743,0.260449259
"Norman Powell",0.140062631,-0.594234642,0.527333948,0.192424275
"Chris Boucher",-0.022560765,-2.82250987,0.023809524,0
"Marc Gasol",0.04292101,3.624534536,0.614445028,0.029885057
"Pascal Siakam",0.0333834,1.249779966,0.650790705,0.274881608
"Joe Ingles",0.137995328,1.195728857,0.860147019,0.175018356
"Ricky Rubio",-0.040004687,0.942731901,0.920061724,0.201704545
"Dante Exum",-0.119168676,-0.013893065,0.864862719,0.336552693
"Tony Bradley",-2,-3.83355501,0.666666667,0
"Derrick Favors",-0.295001759,3.822359754,0.603598396,0.006666667
"Thabo Sefolosha",0.162676097,3.965153368,0.682812725,0.020547945
"Royce O'Neale",0.065279063,2.516185657,0.772590544,0.067647059
"Grayson Allen",-0.011947388,-5.549027311,0.240833333,0.117977528
"Raul Neto",-0.01797377,-0.138402344,0.310291859,0.283018868
"Kyle Korver",0.177103853,-0.794287416,0.577912874,0.014861996
"Rudy Gobert",-2,4.746979218,0.465785509,0.007142857
"Naz Mitrou-Long",-2.352182939,-5.716664143,0.391666667,0.25
"Georges Niang",0.116407652,-2.483711635,0.570647605,0.104972376
"Ekpe Udoh",-2,-1.501460309,0.298534799,0.014084507
"Tyler Cavanaugh",-2.340783211,-5.444598967,-0.333333333,0
"Donovan Mitchell",0.10985339,-1.072365224,0.833737945,0.339505925
"Jae Crowder",0.031978973,0.611935727,0.559023941,0.015325671
"Trevor Ariza",0.050653501,-1.978481824,0.614092237,0.059310345
"John Wall",0.053436099,-1.862955919,0.966165924,0.519272438
"Bradley Beal",0.092830711,-0.940657602,0.818224847,0.27864885
"Wesley Johnson",-0.007914726,-0.889150139,0.321144913,0.0078125
"Bobby Portis",0.139487873,-3.272902307,0.476353186,0.064891847
"Troy Brown Jr.",-0.057716227,-1.95482749,0.533668582,0.128318584
"Devin Robinson",-2.729440147,1.500920999,0.166666667,0.09375
"Sam Dekker",-0.076843391,-1.842995293,0.473674155,0.028571428
"Chasson Randle",0.139670021,-2.243482558,0.598568207,0.153110048
"Jabari Parker",-0.047216806,-0.80977331,0.655687012,0.241728136
"Thomas Bryant",-0.025590071,-1.702779471,0.564906367,0.006198347
"Dwight Howard",-2,-3.896792735,0.083333333,0.029411765
"Ian Mahinmi",-2.369699959,3.238064544,0.355555556,0.00952381
"Tomas Satoransky",0.080423085,-0.550261995,0.843484619,0.178743021
"Jeff Green",0.035986395,-0.910586592,0.60874512,0.088899246
"Jordan McRae",-0.071884057,-0.638691746,0.444444444,0.253968254
